,state,year,quarter,registered_user
0,andaman-&-nicobar-islands,2018,Q1,6740
1,andaman-&-nicobar-islands,2018,Q2,9405
2,andaman-&-nicobar-islands,2018,Q3,12149
3,andaman-&-nicobar-islands,2018,Q4,15222
4,andaman-&-nicobar-islands,2019,Q1,18596
5,andaman-&-nicobar-islands,2019,Q2,21731
6,andaman-&-nicobar-islands,2019,Q3,23931
7,andaman-&-nicobar-islands,2019,Q4,25960
8,andaman-&-nicobar-islands,2020,Q1,28368
9,andaman-&-nicobar-islands,2020,Q2,32710
10,andaman-&-nicobar-islands,2020,Q3,41335
11,andaman-&-nicobar-islands,2020,Q4,52396
12,andaman-&-nicobar-islands,2021,Q1,57758
13,andaman-&-nicobar-islands,2021,Q2,62095
14,andaman-&-nicobar-islands,2021,Q3,66982
15,andaman-&-nicobar-islands,2021,Q4,71780
16,andaman-&-nicobar-islands,2022,Q1,76288
17,andaman-&-nicobar-islands,2022,Q2,80530
18,andaman-&-nicobar-islands,2022,Q3,84642
19,andaman-&-nicobar-islands,2022,Q4,88442
20,andaman-&-nicobar-islands,2023,Q1,92484
21,andaman-&-nicobar-islands,2023,Q2,96329
22,andaman-&-nicobar-islands,2023,Q3,100255
23,andaman-&-nicobar-islands,2023,Q4,103978
24,andhra-pradesh,2018,Q1,3336450
25,andhra-pradesh,2018,Q2,4402540
26,andhra-pradesh,2018,Q3,5427617
27,andhra-pradesh,2018,Q4,6857409
28,andhra-pradesh,2019,Q1,8283019
29,andhra-pradesh,2019,Q2,9389003
30,andhra-pradesh,2019,Q3,10458693
31,andhra-pradesh,2019,Q4,11757883
32,andhra-pradesh,2020,Q1,13022060
33,andhra-pradesh,2020,Q2,14319675
34,andhra-pradesh,2020,Q3,15692405
35,andhra-pradesh,2020,Q4,17076565
36,andhra-pradesh,2021,Q1,18363733
37,andhra-pradesh,2021,Q2,19620905
38,andhra-pradesh,2021,Q3,21059898
39,andhra-pradesh,2021,Q4,22489029
40,andhra-pradesh,2022,Q1,23857951
41,andhra-pradesh,2022,Q2,25157264
42,andhra-pradesh,2022,Q3,26496330
43,andhra-pradesh,2022,Q4,27778016
44,andhra-pradesh,2023,Q1,29065863
45,andhra-pradesh,2023,Q2,30240061
46,andhra-pradesh,2023,Q3,31493897
47,andhra-pradesh,2023,Q4,32658698
48,arunachal-pradesh,2018,Q1,21495
49,arunachal-pradesh,2018,Q2,32883
50,arunachal-pradesh,2018,Q3,45922
51,arunachal-pradesh,2018,Q4,61852
52,arunachal-pradesh,2019,Q1,76957
53,arunachal-pradesh,2019,Q2,95885
54,arunachal-pradesh,2019,Q3,112149
55,arunachal-pradesh,2019,Q4,129321
56,arunachal-pradesh,2020,Q1,149066
57,arunachal-pradesh,2020,Q2,177534
58,arunachal-pradesh,2020,Q3,206046
59,arunachal-pradesh,2020,Q4,231292
60,arunachal-pradesh,2021,Q1,251240
61,arunachal-pradesh,2021,Q2,270572
62,arunachal-pradesh,2021,Q3,293073
63,arunachal-pradesh,2021,Q4,314944
64,arunachal-pradesh,2022,Q1,335339
65,arunachal-pradesh,2022,Q2,354528
66,arunachal-pradesh,2022,Q3,373372
67,arunachal-pradesh,2022,Q4,390307
68,arunachal-pradesh,2023,Q1,408273
69,arunachal-pradesh,2023,Q2,426410
70,arunachal-pradesh,2023,Q3,444789
71,arunachal-pradesh,2023,Q4,462088
72,assam,2018,Q1,385237
73,assam,2018,Q2,571046
74,assam,2018,Q3,784802
75,assam,2018,Q4,1039221
76,assam,2019,Q1,1259085
77,assam,2019,Q2,1500128
78,assam,2019,Q3,1731523
79,assam,2019,Q4,1941220
80,assam,2020,Q1,2185938
81,assam,2020,Q2,2550883
82,assam,2020,Q3,2830011
83,assam,2020,Q4,3106153
84,assam,2021,Q1,3358448
85,assam,2021,Q2,3617056
86,assam,2021,Q3,3918480
87,assam,2021,Q4,4209591
88,assam,2022,Q1,4492589
89,assam,2022,Q2,4755787
90,assam,2022,Q3,5016910
91,assam,2022,Q4,5247776
92,assam,2023,Q1,5499650
93,assam,2023,Q2,5749682
94,assam,2023,Q3,5998586
95,assam,2023,Q4,6234780
96,bihar,2018,Q1,2133804
97,bihar,2018,Q2,3005872
98,bihar,2018,Q3,3784535
99,bihar,2018,Q4,4776665
100,bihar,2019,Q1,5745117
101,bihar,2019,Q2,6589759
102,bihar,2019,Q3,7380265
103,bihar,2019,Q4,8342274
104,bihar,2020,Q1,9351234
105,bihar,2020,Q2,10603767
106,bihar,2020,Q3,11763213
107,bihar,2020,Q4,12889833
108,bihar,2021,Q1,13946288
109,bihar,2021,Q2,14972134
110,bihar,2021,Q3,16160771
111,bihar,2021,Q4,17335981
112,bihar,2022,Q1,18484658
113,bihar,2022,Q2,19569894
114,bihar,2022,Q3,20694376
115,bihar,2022,Q4,21738117
116,bihar,2023,Q1,22796011
117,bihar,2023,Q2,23781971
118,bihar,2023,Q3,24776510
119,bihar,2023,Q4,25695856
120,chandigarh,2018,Q1,86268
121,chandigarh,2018,Q2,115219
122,chandigarh,2018,Q3,143893
123,chandigarh,2018,Q4,177747
124,chandigarh,2019,Q1,209175
125,chandigarh,2019,Q2,240439
126,chandigarh,2019,Q3,267337
127,chandigarh,2019,Q4,289590
128,chandigarh,2020,Q1,312887
129,chandigarh,2020,Q2,336351
130,chandigarh,2020,Q3,362588
131,chandigarh,2020,Q4,391402
132,chandigarh,2021,Q1,419998
133,chandigarh,2021,Q2,448572
134,chandigarh,2021,Q3,480463
135,chandigarh,2021,Q4,512092
136,chandigarh,2022,Q1,541549
137,chandigarh,2022,Q2,569582
138,chandigarh,2022,Q3,598698
139,chandigarh,2022,Q4,627563
140,chandigarh,2023,Q1,654522
141,chandigarh,2023,Q2,678662
142,chandigarh,2023,Q3,704144
143,chandigarh,2023,Q4,727594
144,chhattisgarh,2018,Q1,679263
145,chhattisgarh,2018,Q2,950675
146,chhattisgarh,2018,Q3,1217792
147,chhattisgarh,2018,Q4,1579998
148,chhattisgarh,2019,Q1,1908898
149,chhattisgarh,2019,Q2,2191066
150,chhattisgarh,2019,Q3,2435058
151,chhattisgarh,2019,Q4,2725900
152,chhattisgarh,2020,Q1,3016487
153,chhattisgarh,2020,Q2,3401658
154,chhattisgarh,2020,Q3,3799386
155,chhattisgarh,2020,Q4,4190601
156,chhattisgarh,2021,Q1,4514551
157,chhattisgarh,2021,Q2,4837055
158,chhattisgarh,2021,Q3,5206084
159,chhattisgarh,2021,Q4,5565481
160,chhattisgarh,2022,Q1,5916961
161,chhattisgarh,2022,Q2,6238349
162,chhattisgarh,2022,Q3,6562237
163,chhattisgarh,2022,Q4,6846822
164,chhattisgarh,2023,Q1,7159660
165,chhattisgarh,2023,Q2,7469508
166,chhattisgarh,2023,Q3,7779977
167,chhattisgarh,2023,Q4,8057016
168,dadra-&-nagar-haveli-&-daman-&-diu,2018,Q1,53258
169,dadra-&-nagar-haveli-&-daman-&-diu,2018,Q2,71458
170,dadra-&-nagar-haveli-&-daman-&-diu,2018,Q3,92107
171,dadra-&-nagar-haveli-&-daman-&-diu,2018,Q4,116511
172,dadra-&-nagar-haveli-&-daman-&-diu,2019,Q1,140532
173,dadra-&-nagar-haveli-&-daman-&-diu,2019,Q2,158580
174,dadra-&-nagar-haveli-&-daman-&-diu,2019,Q3,176929
175,dadra-&-nagar-haveli-&-daman-&-diu,2019,Q4,197598
176,dadra-&-nagar-haveli-&-daman-&-diu,2020,Q1,218496
177,dadra-&-nagar-haveli-&-daman-&-diu,2020,Q2,244814
178,dadra-&-nagar-haveli-&-daman-&-diu,2020,Q3,267946
179,dadra-&-nagar-haveli-&-daman-&-diu,2020,Q4,296493
180,dadra-&-nagar-haveli-&-daman-&-diu,2021,Q1,321396
181,dadra-&-nagar-haveli-&-daman-&-diu,2021,Q2,344994
182,dadra-&-nagar-haveli-&-daman-&-diu,2021,Q3,371874
183,dadra-&-nagar-haveli-&-daman-&-diu,2021,Q4,398963
184,dadra-&-nagar-haveli-&-daman-&-diu,2022,Q1,424570
185,dadra-&-nagar-haveli-&-daman-&-diu,2022,Q2,449016
186,dadra-&-nagar-haveli-&-daman-&-diu,2022,Q3,474807
187,dadra-&-nagar-haveli-&-daman-&-diu,2022,Q4,500125
188,dadra-&-nagar-haveli-&-daman-&-diu,2023,Q1,524617
189,dadra-&-nagar-haveli-&-daman-&-diu,2023,Q2,546364
190,dadra-&-nagar-haveli-&-daman-&-diu,2023,Q3,569035
191,dadra-&-nagar-haveli-&-daman-&-diu,2023,Q4,590760
192,delhi,2018,Q1,2087022
193,delhi,2018,Q2,2756141
194,delhi,2018,Q3,3504911
195,delhi,2018,Q4,4630313
196,delhi,2019,Q1,5499263
197,delhi,2019,Q2,6165448
198,delhi,2019,Q3,6782286
199,delhi,2019,Q4,7289883
200,delhi,2020,Q1,7826197
201,delhi,2020,Q2,8391139
202,delhi,2020,Q3,9044174
203,delhi,2020,Q4,9747968
204,delhi,2021,Q1,10467210
205,delhi,2021,Q2,11182699
206,delhi,2021,Q3,11980061
207,delhi,2021,Q4,12785127
208,delhi,2022,Q1,13539197
209,delhi,2022,Q2,14260143
210,delhi,2022,Q3,15009523
211,delhi,2022,Q4,15764149
212,delhi,2023,Q1,16480011
213,delhi,2023,Q2,17103089
214,delhi,2023,Q3,17747167
215,delhi,2023,Q4,18363626
216,goa,2018,Q1,91936
217,goa,2018,Q2,122174
218,goa,2018,Q3,153802
219,goa,2018,Q4,195350
220,goa,2019,Q1,238152
221,goa,2019,Q2,278940
222,goa,2019,Q3,317194
223,goa,2019,Q4,353546
224,goa,2020,Q1,391900
225,goa,2020,Q2,430639
226,goa,2020,Q3,474962
227,goa,2020,Q4,527584
228,goa,2021,Q1,570035
229,goa,2021,Q2,609106
230,goa,2021,Q3,653458
231,goa,2021,Q4,697178
232,goa,2022,Q1,738628
233,goa,2022,Q2,777779
234,goa,2022,Q3,817830
235,goa,2022,Q4,855202
236,goa,2023,Q1,892185
237,goa,2023,Q2,926020
238,goa,2023,Q3,961831
239,goa,2023,Q4,995923
240,gujarat,2018,Q1,2690048
241,gujarat,2018,Q2,3565825
242,gujarat,2018,Q3,4433183
243,gujarat,2018,Q4,5579040
244,gujarat,2019,Q1,6652536
245,gujarat,2019,Q2,7574645
246,gujarat,2019,Q3,8429299
247,gujarat,2019,Q4,9323799
248,gujarat,2020,Q1,10259843
249,gujarat,2020,Q2,11392657
250,gujarat,2020,Q3,12467847
251,gujarat,2020,Q4,13605203
252,gujarat,2021,Q1,14670126
253,gujarat,2021,Q2,15735981
254,gujarat,2021,Q3,16946761
255,gujarat,2021,Q4,18139201
256,gujarat,2022,Q1,19265314
257,gujarat,2022,Q2,20321596
258,gujarat,2022,Q3,21394721
259,gujarat,2022,Q4,22412353
260,gujarat,2023,Q1,23436230
261,gujarat,2023,Q2,24396768
262,gujarat,2023,Q3,25383429
263,gujarat,2023,Q4,26312655
264,haryana,2018,Q1,1847357
265,haryana,2018,Q2,2447221
266,haryana,2018,Q3,3020398
267,haryana,2018,Q4,3793079
268,haryana,2019,Q1,4538767
269,haryana,2019,Q2,5178030
270,haryana,2019,Q3,5783752
271,haryana,2019,Q4,6366679
272,haryana,2020,Q1,7018770
273,haryana,2020,Q2,7682878
274,haryana,2020,Q3,8398816
275,haryana,2020,Q4,9129873
276,haryana,2021,Q1,9827905
277,haryana,2021,Q2,10530594
278,haryana,2021,Q3,11325336
279,haryana,2021,Q4,12116439
280,haryana,2022,Q1,12866988
281,haryana,2022,Q2,13576065
282,haryana,2022,Q3,14303933
283,haryana,2022,Q4,14994944
284,haryana,2023,Q1,15688161
285,haryana,2023,Q2,16314236
286,haryana,2023,Q3,16956489
287,haryana,2023,Q4,17556642
288,himachal-pradesh,2018,Q1,227373
289,himachal-pradesh,2018,Q2,315299
290,himachal-pradesh,2018,Q3,407634
291,himachal-pradesh,2018,Q4,526343
292,himachal-pradesh,2019,Q1,653205
293,himachal-pradesh,2019,Q2,772603
294,himachal-pradesh,2019,Q3,876184
295,himachal-pradesh,2019,Q4,985945
296,himachal-pradesh,2020,Q1,1106025
297,himachal-pradesh,2020,Q2,1249867
298,himachal-pradesh,2020,Q3,1378634
299,himachal-pradesh,2020,Q4,1508766
300,himachal-pradesh,2021,Q1,1622951
301,himachal-pradesh,2021,Q2,1743151
302,himachal-pradesh,2021,Q3,1880626
303,himachal-pradesh,2021,Q4,2013747
304,himachal-pradesh,2022,Q1,2143483
305,himachal-pradesh,2022,Q2,2264407
306,himachal-pradesh,2022,Q3,2381576
307,himachal-pradesh,2022,Q4,2483076
308,himachal-pradesh,2023,Q1,2594668
309,himachal-pradesh,2023,Q2,2706470
310,himachal-pradesh,2023,Q3,2816046
311,himachal-pradesh,2023,Q4,2924952
312,jammu-&-kashmir,2018,Q1,176425
313,jammu-&-kashmir,2018,Q2,261609
314,jammu-&-kashmir,2018,Q3,342529
315,jammu-&-kashmir,2018,Q4,436563
316,jammu-&-kashmir,2019,Q1,530669
317,jammu-&-kashmir,2019,Q2,631193
318,jammu-&-kashmir,2019,Q3,658455
319,jammu-&-kashmir,2019,Q4,673367
320,jammu-&-kashmir,2020,Q1,735408
321,jammu-&-kashmir,2020,Q2,845294
322,jammu-&-kashmir,2020,Q3,949819
323,jammu-&-kashmir,2020,Q4,1079022
324,jammu-&-kashmir,2021,Q1,1174818
325,jammu-&-kashmir,2021,Q2,1261267
326,jammu-&-kashmir,2021,Q3,1359860
327,jammu-&-kashmir,2021,Q4,1456810
328,jammu-&-kashmir,2022,Q1,1549320
329,jammu-&-kashmir,2022,Q2,1635570
330,jammu-&-kashmir,2022,Q3,1719185
331,jammu-&-kashmir,2022,Q4,1793434
332,jammu-&-kashmir,2023,Q1,1873039
333,jammu-&-kashmir,2023,Q2,1953132
334,jammu-&-kashmir,2023,Q3,2031447
335,jammu-&-kashmir,2023,Q4,2108166
336,jharkhand,2018,Q1,885762
337,jharkhand,2018,Q2,1230599
338,jharkhand,2018,Q3,1532362
339,jharkhand,2018,Q4,1913949
340,jharkhand,2019,Q1,2279329
341,jharkhand,2019,Q2,2604854
342,jharkhand,2019,Q3,2915511
343,jharkhand,2019,Q4,3281371
344,jharkhand,2020,Q1,3651393
345,jharkhand,2020,Q2,4061035
346,jharkhand,2020,Q3,4480027
347,jharkhand,2020,Q4,4917938
348,jharkhand,2021,Q1,5313049
349,jharkhand,2021,Q2,5701503
350,jharkhand,2021,Q3,6151843
351,jharkhand,2021,Q4,6596196
352,jharkhand,2022,Q1,7025275
353,jharkhand,2022,Q2,7426174
354,jharkhand,2022,Q3,7836429
355,jharkhand,2022,Q4,8217638
356,jharkhand,2023,Q1,8609107
357,jharkhand,2023,Q2,8980709
358,jharkhand,2023,Q3,9360730
359,jharkhand,2023,Q4,9707336
360,karnataka,2018,Q1,3717763
361,karnataka,2018,Q2,5030665
362,karnataka,2018,Q3,6372649
363,karnataka,2018,Q4,8315802
364,karnataka,2019,Q1,10266174
365,karnataka,2019,Q2,11968087
366,karnataka,2019,Q3,13635075
367,karnataka,2019,Q4,15385416
368,karnataka,2020,Q1,17016980
369,karnataka,2020,Q2,18655366
370,karnataka,2020,Q3,20487550
371,karnataka,2020,Q4,22400182
372,karnataka,2021,Q1,24095832
373,karnataka,2021,Q2,25751023
374,karnataka,2021,Q3,27614221
375,karnataka,2021,Q4,29459646
376,karnataka,2022,Q1,31200349
377,karnataka,2022,Q2,32831447
378,karnataka,2022,Q3,34493994
379,karnataka,2022,Q4,36081698
380,karnataka,2023,Q1,37681426
381,karnataka,2023,Q2,39122314
382,karnataka,2023,Q3,40634390
383,karnataka,2023,Q4,42031396
384,kerala,2018,Q1,784184
385,kerala,2018,Q2,1066587
386,kerala,2018,Q3,1347598
387,kerala,2018,Q4,1757326
388,kerala,2019,Q1,2136624
389,kerala,2019,Q2,2550167
390,kerala,2019,Q3,2990963
391,kerala,2019,Q4,3503938
392,kerala,2020,Q1,4078316
393,kerala,2020,Q2,4728844
394,kerala,2020,Q3,5582300
395,kerala,2020,Q4,6387169
396,kerala,2021,Q1,6936943
397,kerala,2021,Q2,7416083
398,kerala,2021,Q3,7949425
399,kerala,2021,Q4,8473810
400,kerala,2022,Q1,8972299
401,kerala,2022,Q2,9442533
402,kerala,2022,Q3,9933977
403,kerala,2022,Q4,10382102
404,kerala,2023,Q1,10822723
405,kerala,2023,Q2,11237341
406,kerala,2023,Q3,11669143
407,kerala,2023,Q4,12084974
408,ladakh,2018,Q1,8784
409,ladakh,2018,Q2,12918
410,ladakh,2018,Q3,17749
411,ladakh,2018,Q4,23883
412,ladakh,2019,Q1,29649
413,ladakh,2019,Q2,35516
414,ladakh,2019,Q3,39173
415,ladakh,2019,Q4,43108
416,ladakh,2020,Q1,47790
417,ladakh,2020,Q2,53034
418,ladakh,2020,Q3,58401
419,ladakh,2020,Q4,64853
420,ladakh,2021,Q1,69919
421,ladakh,2021,Q2,75048
422,ladakh,2021,Q3,81210
423,ladakh,2021,Q4,87057
424,ladakh,2022,Q1,92492
425,ladakh,2022,Q2,97517
426,ladakh,2022,Q3,102299
427,ladakh,2022,Q4,106337
428,ladakh,2023,Q1,110991
429,ladakh,2023,Q2,115736
430,ladakh,2023,Q3,120435
431,ladakh,2023,Q4,124828
432,lakshadweep,2018,Q1,501
433,lakshadweep,2018,Q2,686
434,lakshadweep,2018,Q3,918
435,lakshadweep,2018,Q4,1156
436,lakshadweep,2019,Q1,1416
437,lakshadweep,2019,Q2,1747
438,lakshadweep,2019,Q3,2117
439,lakshadweep,2019,Q4,2427
440,lakshadweep,2020,Q1,2772
441,lakshadweep,2020,Q2,3187
442,lakshadweep,2020,Q3,3644
443,lakshadweep,2020,Q4,4179
444,lakshadweep,2021,Q1,4577
445,lakshadweep,2021,Q2,4896
446,lakshadweep,2021,Q3,5287
447,lakshadweep,2021,Q4,5638
448,lakshadweep,2022,Q1,5990
449,lakshadweep,2022,Q2,6327
450,lakshadweep,2022,Q3,6645
451,lakshadweep,2022,Q4,6961
452,lakshadweep,2023,Q1,7267
453,lakshadweep,2023,Q2,7585
454,lakshadweep,2023,Q3,7912
455,lakshadweep,2023,Q4,8225
456,madhya-pradesh,2018,Q1,2553603
457,madhya-pradesh,2018,Q2,3441662
458,madhya-pradesh,2018,Q3,4309309
459,madhya-pradesh,2018,Q4,5365442
460,madhya-pradesh,2019,Q1,6414403
461,madhya-pradesh,2019,Q2,7301172
462,madhya-pradesh,2019,Q3,8180664
463,madhya-pradesh,2019,Q4,9165241
464,madhya-pradesh,2020,Q1,10151371
465,madhya-pradesh,2020,Q2,11374423
466,madhya-pradesh,2020,Q3,12564224
467,madhya-pradesh,2020,Q4,13737947
468,madhya-pradesh,2021,Q1,14839427
469,madhya-pradesh,2021,Q2,15940935
470,madhya-pradesh,2021,Q3,17210233
471,madhya-pradesh,2021,Q4,18456243
472,madhya-pradesh,2022,Q1,19656147
473,madhya-pradesh,2022,Q2,20766417
474,madhya-pradesh,2022,Q3,21884220
475,madhya-pradesh,2022,Q4,22913924
476,madhya-pradesh,2023,Q1,24002818
477,madhya-pradesh,2023,Q2,25042930
478,madhya-pradesh,2023,Q3,26109033
479,madhya-pradesh,2023,Q4,27078072
480,maharashtra,2018,Q1,6106994
481,maharashtra,2018,Q2,8222371
482,maharashtra,2018,Q3,10435033
483,maharashtra,2018,Q4,13381602
484,maharashtra,2019,Q1,16284451
485,maharashtra,2019,Q2,18776975
486,maharashtra,2019,Q3,21313081
487,maharashtra,2019,Q4,23745297
488,maharashtra,2020,Q1,26168390
489,maharashtra,2020,Q2,28765086
490,maharashtra,2020,Q3,31409513
491,maharashtra,2020,Q4,34432631
492,maharashtra,2021,Q1,37077537
493,maharashtra,2021,Q2,39664697
494,maharashtra,2021,Q3,42581217
495,maharashtra,2021,Q4,45482506
496,maharashtra,2022,Q1,48227630
497,maharashtra,2022,Q2,50802786
498,maharashtra,2022,Q3,53432602
499,maharashtra,2022,Q4,55954028
500,maharashtra,2023,Q1,58470784
501,maharashtra,2023,Q2,60766850
502,maharashtra,2023,Q3,63150997
503,maharashtra,2023,Q4,65422120
504,manipur,2018,Q1,29925
505,manipur,2018,Q2,46055
506,manipur,2018,Q3,61935
507,manipur,2018,Q4,82589
508,manipur,2019,Q1,99527
509,manipur,2019,Q2,117747
510,manipur,2019,Q3,136316
511,manipur,2019,Q4,155358
512,manipur,2020,Q1,177374
513,manipur,2020,Q2,215496
514,manipur,2020,Q3,258563
515,manipur,2020,Q4,288772
516,manipur,2021,Q1,312668
517,manipur,2021,Q2,335409
518,manipur,2021,Q3,361749
519,manipur,2021,Q4,387746
520,manipur,2022,Q1,411900
521,manipur,2022,Q2,434563
522,manipur,2022,Q3,457063
523,manipur,2022,Q4,477292
524,manipur,2023,Q1,498337
525,manipur,2023,Q2,519799
526,manipur,2023,Q3,541572
527,manipur,2023,Q4,564130
528,meghalaya,2018,Q1,18513
529,meghalaya,2018,Q2,26618
530,meghalaya,2018,Q3,37281
531,meghalaya,2018,Q4,49634
532,meghalaya,2019,Q1,61487
533,meghalaya,2019,Q2,74746
534,meghalaya,2019,Q3,87395
535,meghalaya,2019,Q4,100030
536,meghalaya,2020,Q1,113814
537,meghalaya,2020,Q2,136211
538,meghalaya,2020,Q3,157741
539,meghalaya,2020,Q4,176447
540,meghalaya,2021,Q1,190869
541,meghalaya,2021,Q2,205686
542,meghalaya,2021,Q3,223065
543,meghalaya,2021,Q4,240268
544,meghalaya,2022,Q1,255839
545,meghalaya,2022,Q2,269943
546,meghalaya,2022,Q3,283487
547,meghalaya,2022,Q4,295322
548,meghalaya,2023,Q1,308324
549,meghalaya,2023,Q2,322382
550,meghalaya,2023,Q3,336282
551,meghalaya,2023,Q4,349330
552,mizoram,2018,Q1,7593
553,mizoram,2018,Q2,10422
554,mizoram,2018,Q3,14502
555,mizoram,2018,Q4,19365
556,mizoram,2019,Q1,23670
557,mizoram,2019,Q2,28696
558,mizoram,2019,Q3,34134
559,mizoram,2019,Q4,39809
560,mizoram,2020,Q1,46499
561,mizoram,2020,Q2,55574
562,mizoram,2020,Q3,68315
563,mizoram,2020,Q4,78731
564,mizoram,2021,Q1,85750
565,mizoram,2021,Q2,92552
566,mizoram,2021,Q3,100647
567,mizoram,2021,Q4,108405
568,mizoram,2022,Q1,115295
569,mizoram,2022,Q2,121535
570,mizoram,2022,Q3,127735
571,mizoram,2022,Q4,132870
572,mizoram,2023,Q1,138751
573,mizoram,2023,Q2,145061
574,mizoram,2023,Q3,151378
575,mizoram,2023,Q4,157627
576,nagaland,2018,Q1,15074
577,nagaland,2018,Q2,22436
578,nagaland,2018,Q3,32090
579,nagaland,2018,Q4,42997
580,nagaland,2019,Q1,53911
581,nagaland,2019,Q2,66891
582,nagaland,2019,Q3,80077
583,nagaland,2019,Q4,93124
584,nagaland,2020,Q1,107143
585,nagaland,2020,Q2,130205
586,nagaland,2020,Q3,173106
587,nagaland,2020,Q4,192188
588,nagaland,2021,Q1,207808
589,nagaland,2021,Q2,223337
590,nagaland,2021,Q3,241797
591,nagaland,2021,Q4,259990
592,nagaland,2022,Q1,276483
593,nagaland,2022,Q2,292104
594,nagaland,2022,Q3,307386
595,nagaland,2022,Q4,321205
596,nagaland,2023,Q1,335936
597,nagaland,2023,Q2,351024
598,nagaland,2023,Q3,366203
599,nagaland,2023,Q4,381162
600,odisha,2018,Q1,1594015
601,odisha,2018,Q2,2185781
602,odisha,2018,Q3,2795718
603,odisha,2018,Q4,3623911
604,odisha,2019,Q1,4320744
605,odisha,2019,Q2,4845359
606,odisha,2019,Q3,5387209
607,odisha,2019,Q4,6115537
608,odisha,2020,Q1,6652970
609,odisha,2020,Q2,7258315
610,odisha,2020,Q3,7901755
611,odisha,2020,Q4,8598751
612,odisha,2021,Q1,9233009
613,odisha,2021,Q2,9891029
614,odisha,2021,Q3,10652490
615,odisha,2021,Q4,11399235
616,odisha,2022,Q1,12124779
617,odisha,2022,Q2,12801990
618,odisha,2022,Q3,13493282
619,odisha,2022,Q4,14127239
620,odisha,2023,Q1,14787083
621,odisha,2023,Q2,15420061
622,odisha,2023,Q3,16064459
623,odisha,2023,Q4,16680992
624,puducherry,2018,Q1,49318
625,puducherry,2018,Q2,65580
626,puducherry,2018,Q3,81546
627,puducherry,2018,Q4,109494
628,puducherry,2019,Q1,133059
629,puducherry,2019,Q2,156458
630,puducherry,2019,Q3,177868
631,puducherry,2019,Q4,204292
632,puducherry,2020,Q1,230908
633,puducherry,2020,Q2,255600
634,puducherry,2020,Q3,285173
635,puducherry,2020,Q4,319626
636,puducherry,2021,Q1,346279
637,puducherry,2021,Q2,369961
638,puducherry,2021,Q3,396609
639,puducherry,2021,Q4,423167
640,puducherry,2022,Q1,448051
641,puducherry,2022,Q2,471663
642,puducherry,2022,Q3,496570
643,puducherry,2022,Q4,520649
644,puducherry,2023,Q1,543819
645,puducherry,2023,Q2,564431
646,puducherry,2023,Q3,586550
647,puducherry,2023,Q4,607838
648,punjab,2018,Q1,847142
649,punjab,2018,Q2,1152190
650,punjab,2018,Q3,1473148
651,punjab,2018,Q4,1865715
652,punjab,2019,Q1,2226590
653,punjab,2019,Q2,2600112
654,punjab,2019,Q3,2962713
655,punjab,2019,Q4,3321742
656,punjab,2020,Q1,3739502
657,punjab,2020,Q2,4225481
658,punjab,2020,Q3,4694233
659,punjab,2020,Q4,5157868
660,punjab,2021,Q1,5568777
661,punjab,2021,Q2,5976548
662,punjab,2021,Q3,6434862
663,punjab,2021,Q4,6880103
664,punjab,2022,Q1,7302726
665,punjab,2022,Q2,7702100
666,punjab,2022,Q3,8097582
667,punjab,2022,Q4,8462753
668,punjab,2023,Q1,8837408
669,punjab,2023,Q2,9197055
670,punjab,2023,Q3,9555997
671,punjab,2023,Q4,9898002
672,rajasthan,2018,Q1,3158202
673,rajasthan,2018,Q2,4212964
674,rajasthan,2018,Q3,5175453
675,rajasthan,2018,Q4,6358738
676,rajasthan,2019,Q1,7712204
677,rajasthan,2019,Q2,8783935
678,rajasthan,2019,Q3,9797304
679,rajasthan,2019,Q4,10925031
680,rajasthan,2020,Q1,12142053
681,rajasthan,2020,Q2,13563201
682,rajasthan,2020,Q3,14969412
683,rajasthan,2020,Q4,16329494
684,rajasthan,2021,Q1,17661088
685,rajasthan,2021,Q2,18980985
686,rajasthan,2021,Q3,20499465
687,rajasthan,2021,Q4,21977202
688,rajasthan,2022,Q1,23398857
689,rajasthan,2022,Q2,24716181
690,rajasthan,2022,Q3,26042948
691,rajasthan,2022,Q4,27255927
692,rajasthan,2023,Q1,28523031
693,rajasthan,2023,Q2,29745609
694,rajasthan,2023,Q3,30997182
695,rajasthan,2023,Q4,32157348
696,sikkim,2018,Q1,20051
697,sikkim,2018,Q2,28097
698,sikkim,2018,Q3,37637
699,sikkim,2018,Q4,48538
700,sikkim,2019,Q1,58956
701,sikkim,2019,Q2,70999
702,sikkim,2019,Q3,82128
703,sikkim,2019,Q4,92972
704,sikkim,2020,Q1,104631
705,sikkim,2020,Q2,119921
706,sikkim,2020,Q3,134773
707,sikkim,2020,Q4,148543
708,sikkim,2021,Q1,160213
709,sikkim,2021,Q2,171740
710,sikkim,2021,Q3,184693
711,sikkim,2021,Q4,197407
712,sikkim,2022,Q1,209616
713,sikkim,2022,Q2,220994
714,sikkim,2022,Q3,232025
715,sikkim,2022,Q4,241968
716,sikkim,2023,Q1,252440
717,sikkim,2023,Q2,262728
718,sikkim,2023,Q3,272829
719,sikkim,2023,Q4,282575
720,tamil-nadu,2018,Q1,2104754
721,tamil-nadu,2018,Q2,2996036
722,tamil-nadu,2018,Q3,3900177
723,tamil-nadu,2018,Q4,5199878
724,tamil-nadu,2019,Q1,6296303
725,tamil-nadu,2019,Q2,7429609
726,tamil-nadu,2019,Q3,8428835
727,tamil-nadu,2019,Q4,9620493
728,tamil-nadu,2020,Q1,10872368
729,tamil-nadu,2020,Q2,12150786
730,tamil-nadu,2020,Q3,13643451
731,tamil-nadu,2020,Q4,15357586
732,tamil-nadu,2021,Q1,16632608
733,tamil-nadu,2021,Q2,17804542
734,tamil-nadu,2021,Q3,19127440
735,tamil-nadu,2021,Q4,20433142
736,tamil-nadu,2022,Q1,21667020
737,tamil-nadu,2022,Q2,22829720
738,tamil-nadu,2022,Q3,24019964
739,tamil-nadu,2022,Q4,25136112
740,tamil-nadu,2023,Q1,26270663
741,tamil-nadu,2023,Q2,27317599
742,tamil-nadu,2023,Q3,28405436
743,tamil-nadu,2023,Q4,29452801
744,telangana,2018,Q1,3315560
745,telangana,2018,Q2,4260115
746,telangana,2018,Q3,5138501
747,telangana,2018,Q4,6529679
748,telangana,2019,Q1,7963425
749,telangana,2019,Q2,9046007
750,telangana,2019,Q3,10090557
751,telangana,2019,Q4,11220691
752,telangana,2020,Q1,12306860
753,telangana,2020,Q2,13378191
754,telangana,2020,Q3,14590882
755,telangana,2020,Q4,15927797
756,telangana,2021,Q1,17149069
757,telangana,2021,Q2,18306880
758,telangana,2021,Q3,19615278
759,telangana,2021,Q4,20917649
760,telangana,2022,Q1,22150612
761,telangana,2022,Q2,23314363
762,telangana,2022,Q3,24506111
763,telangana,2022,Q4,25656381
764,telangana,2023,Q1,26804259
765,telangana,2023,Q2,27814633
766,telangana,2023,Q3,28896668
767,telangana,2023,Q4,29902636
768,tripura,2018,Q1,55157
769,tripura,2018,Q2,83369
770,tripura,2018,Q3,116874
771,tripura,2018,Q4,153265
772,tripura,2019,Q1,183254
773,tripura,2019,Q2,217644
774,tripura,2019,Q3,245456
775,tripura,2019,Q4,272298
776,tripura,2020,Q1,299962
777,tripura,2020,Q2,336666
778,tripura,2020,Q3,376731
779,tripura,2020,Q4,409110
780,tripura,2021,Q1,439636
781,tripura,2021,Q2,472153
782,tripura,2021,Q3,509929
783,tripura,2021,Q4,546292
784,tripura,2022,Q1,582124
785,tripura,2022,Q2,615782
786,tripura,2022,Q3,649143
787,tripura,2022,Q4,678741
788,tripura,2023,Q1,710884
789,tripura,2023,Q2,743024
790,tripura,2023,Q3,774678
791,tripura,2023,Q4,806344
792,uttar-pradesh,2018,Q1,4694250
793,uttar-pradesh,2018,Q2,6442554
794,uttar-pradesh,2018,Q3,8096483
795,uttar-pradesh,2018,Q4,10341964
796,uttar-pradesh,2019,Q1,12458661
797,uttar-pradesh,2019,Q2,14316349
798,uttar-pradesh,2019,Q3,16044607
799,uttar-pradesh,2019,Q4,17949542
800,uttar-pradesh,2020,Q1,20136256
801,uttar-pradesh,2020,Q2,22498519
802,uttar-pradesh,2020,Q3,24838116
803,uttar-pradesh,2020,Q4,27249134
804,uttar-pradesh,2021,Q1,29482075
805,uttar-pradesh,2021,Q2,31651894
806,uttar-pradesh,2021,Q3,34151882
807,uttar-pradesh,2021,Q4,36617655
808,uttar-pradesh,2022,Q1,38999692
809,uttar-pradesh,2022,Q2,41247289
810,uttar-pradesh,2022,Q3,43537920
811,uttar-pradesh,2022,Q4,45648650
812,uttar-pradesh,2023,Q1,47806049
813,uttar-pradesh,2023,Q2,49829833
814,uttar-pradesh,2023,Q3,51870932
815,uttar-pradesh,2023,Q4,53799813
816,uttarakhand,2018,Q1,483043
817,uttarakhand,2018,Q2,649142
818,uttarakhand,2018,Q3,810612
819,uttarakhand,2018,Q4,1012103
820,uttarakhand,2019,Q1,1224955
821,uttarakhand,2019,Q2,1414339
822,uttarakhand,2019,Q3,1585859
823,uttarakhand,2019,Q4,1752677
824,uttarakhand,2020,Q1,1943606
825,uttarakhand,2020,Q2,2148567
826,uttarakhand,2020,Q3,2365438
827,uttarakhand,2020,Q4,2596244
828,uttarakhand,2021,Q1,2802122
829,uttarakhand,2021,Q2,3004040
830,uttarakhand,2021,Q3,3233509
831,uttarakhand,2021,Q4,3460015
832,uttarakhand,2022,Q1,3674829
833,uttarakhand,2022,Q2,3877056
834,uttarakhand,2022,Q3,4081976
835,uttarakhand,2022,Q4,4272049
836,uttarakhand,2023,Q1,4464369
837,uttarakhand,2023,Q2,4645322
838,uttarakhand,2023,Q3,4829992
839,uttarakhand,2023,Q4,5001826
840,west-bengal,2018,Q1,2604789
841,west-bengal,2018,Q2,3833795
842,west-bengal,2018,Q3,4851740
843,west-bengal,2018,Q4,6279278
844,west-bengal,2019,Q1,7449425
845,west-bengal,2019,Q2,8612795
846,west-bengal,2019,Q3,9643222
847,west-bengal,2019,Q4,10885058
848,west-bengal,2020,Q1,11960822
849,west-bengal,2020,Q2,13222022
850,west-bengal,2020,Q3,14448366
851,west-bengal,2020,Q4,15662093
852,west-bengal,2021,Q1,16808799
853,west-bengal,2021,Q2,17979979
854,west-bengal,2021,Q3,19323278
855,west-bengal,2021,Q4,20644527
856,west-bengal,2022,Q1,21919787
857,west-bengal,2022,Q2,23124388
858,west-bengal,2022,Q3,24372048
859,west-bengal,2022,Q4,25536381
860,west-bengal,2023,Q1,26732895
861,west-bengal,2023,Q2,27827662
862,west-bengal,2023,Q3,28966414
863,west-bengal,2023,Q4,30064546
